Start,4
15.6038208327195,-4.95661791345913,-0.303324715713249
66.7508839011115,29.0314101511453,-74.7315726928487
48.6883017269021,126.575097417011,-52.4684203903231
59.9122876770905,55.870667204633,-81.4853072051678
63.5100806770851,114.827151996075,-44.3642704196378
29.4527074975893,105.749347251804,-33.094783074414
Start,4
69.6948646716122,1.69275680591351,-65.6090886023277
39.2602655578404,84.4243799189856,-23.164590888557
63.0208080368049,74.1392968375709,-24.4508603386098
54.7475317633277,65.6025430701912,-72.9617356489938
60.2561756116442,123.306483855554,-33.6415137964154
-5.25658103662245,56.823597974994,-54.841441846413
65.6539669291203,40.4562354398729,-67.6515279007076
Start,4
64.8938681048935,70.4626342046714,-27.4822709493679
66.1633772364294,0.146603095554644,-67.9600280452887
41.4210196727867,81.5323129843274,-25.476744072438
61.1343367494178,37.1779642671801,-68.7852518580347
50.8925987593719,63.6231689624495,-72.9734921477353
64.6513806976815,120.403002800249,-35.9719198501313
48.7603908667796,131.757101887848,-43.248297667178
Start,4
39.7130176376894,85.439092295488,-18.533880010369
63.1057502756391,43.214968091907,-62.160164063905
52.1759086700372,69.5923579443822,-65.4523800287932
63.6332896910791,75.6355450166959,-19.1252041102562
60.8253541451425,124.971975605891,-25.9979807753013
70.9871053636029,6.73462005585548,-62.735598667305
Start,4
71.3216537532584,5.94114883827625,-62.0819142008505
60.7298765638373,125.249200660494,-27.1805786028077
-2.10531729707256,60.2542355513108,-51.8507656852247
51.415332099823,68.5568531162777,-65.8981714829794
45.2300452335215,136.577820934465,-35.1982964105904
39.5147610407221,85.1886490593024,-19.4841252816956
23.1558950837576,66.9587109822201,-55.6313942906609
Start,4
46.2584671438537,83.9338285950939,-11.8167144301582
66.0564571922534,40.8804968241506,-53.9017231486243
55.8370811187462,134.887025487215,-22.5905013863561
68.8145587803126,71.8467078310953,-13.6369964275532
69.8886940629789,121.475745928708,-16.2940603739452
72.2987265578333,4.94128409573855,-58.1683504622293
27.1188475718938,12.3419111034133,-78.3061570666129
Start,4
45.3624658429118,83.7560683596094,-12.4678797944768
68.0892479561281,71.976415172086,-13.9095445966659
54.6821481725843,134.831245750725,-23.1321685602985
65.842107202622,41.1148354232614,-53.7204054151842
68.7387182365641,121.425481751577,-16.75380191281
71.462834601674,4.37665901006602,-59.9080224301883
26.0726033186574,13.7930738982307,-77.9241587969631
Start,4
66.5780193370455,40.7722619432537,-53.0024394343818
45.8847438626879,84.0177087418012,-12.3532518030018
55.2292865465205,135.032116007402,-22.9543422214464
68.3594552550236,72.0942017772412,-14.1034159670188
68.9905707550028,121.563243129473,-16.6131082881321
28.4292217432057,39.3808086254697,-87.6842156608313
Start,4
66.525356408234,68.2320752355229,-29.3841162711323
45.1401004871823,81.6520654010352,-23.7354043492454
53.6160579144362,131.021060626572,-40.0934629374976
68.0875577135975,117.230257251741,-35.5463695966086
-6.67734245112956,59.4298126841287,-52.4701963430516
Start,4
66.2994153612467,70.569741114528,-25.1247056855531
43.5978707681921,83.2122862637051,-21.1298839871177
50.9186474826769,133.651745284849,-36.2213905085365
65.5922144667421,120.70770496604,-30.6452841984293
-3.63106448609061,58.0250211574251,-54.4126939537001
Start,4
66.1534894816929,68.1747669638517,-30.3781482880669
51.6494867322245,131.242349436392,-42.1627603920797
66.1438027530847,117.994485671322,-37.3012325923085
18.2008941183208,66.0849469547827,-58.1714609150675
43.928938249408,81.582569056457,-25.6085282225285
Start,4
67.466428248922,66.9131078102468,-29.6271370636411
53.9870009113998,130.781349672436,-38.170798728791
45.4278229113283,80.8435353888632,-24.1879678699473
68.1787197116651,116.887914101244,-34.1442146977102
20.5886284678888,63.4610821485093,-62.3695848339039
66.2722854159973,-6.87395871541655,-67.3521749981682
Start,4
62.7336503862113,77.904470322478,-5.66695086246374
43.8836378472821,140.467515933022,-12.630940298793
57.7998229938354,127.795205959801,-6.10457680159506
39.0112157701115,88.8880872781828,-4.49812802724968
2.38873935175887,62.7072589785215,-51.0237166439413
Start,4
67.4294646976935,79.3250308601655,-22.9059006287967
52.7272346267733,141.613989866458,-25.0075254416707
66.8213561884714,129.37093586786,-21.7209985223428
45.2345793393834,89.1605697343423,-16.7848539057245
20.2495167732888,72.1359855956115,-57.3938707058344
Start,4
67.299718445306,78.7328565367761,-24.7241170467614
52.5691488203371,141.503918724802,-26.6921117903729
45.182399670656,88.9879211975341,-17.936916149176
-6.16177201854583,64.2416139207937,-48.8845918408159
66.7851644463073,129.535808681486,-22.9097941525681
39.6037763890554,0.00187839712815069,-3.12167730512425
Start,4
75.2567837302946,56.5715391978258,-30.7328981631306
53.5536525114777,72.4825524897484,-29.8641144302605
74.6204851458933,13.2216840027729,-66.7932542629347
79.2758147165415,107.510960513541,-42.4349224745969
71.9253011888266,-20.6728466544607,-60.650498563423
Start,4
74.2098225976075,0.555196831986994,-60.5250311167855
73.32564453681,36.0384504584875,-60.021636041435
66.6653288455758,63.0240621238759,-63.5272650674294
68.2174158123827,120.75357235981,-14.8762222139685
45.8541912540681,83.0667663813734,-13.1534483615704
-2.68295688713328,66.7704410935338,-48.7268290610541
Start,4
64.325844112495,61.2340762606878,-67.9528290242235
71.4799315371101,34.3727570958971,-63.5685770438134
-2.44186615157492,66.1679415435717,-49.5350147413461
69.800695905153,119.701841669394,-24.6756169363704
70.482158546026,-2.61893682058485,-64.2752910423916
70.4160808063288,70.7780104085046,-20.2222479935925
Start,4
66.9209638507242,69.7381323296335,-54.5185388769416
66.9278853193995,75.6953066272807,-6.33352184052534
74.7013041838665,42.8936931857257,-52.4154865765608
64.3995931808806,126.287760508793,-5.3664814279575
76.7940968562399,7.26337470108381,-55.5166475014915
43.7725696138211,87.2944948071014,-5.16020261800531
50.8931859774183,139.552563319611,-12.103501182255
Start,4
68.890716539883,69.1299248957018,-53.6667159818002
76.0952797485888,41.9981174104049,-51.5443992683581
68.3633116440004,75.4815666933309,-5.71180603221026
45.3202623109528,87.2581419862557,-4.79784604441026
52.9197017111038,139.597193477234,-11.5775979922292
66.3827971732096,126.015555487507,-5.15902405058814
Start,4
41.7397617044818,88.1167370023538,-6.39504579032268
65.2687119236646,77.1395947496574,-6.9046732200359
65.6487474459886,70.1394121403946,-55.1331208452396
74.0860597625015,43.4480490267672,-52.4702929404264
77.1050959422808,7.69475387350034,-55.0594630569054
61.6499750948007,127.568267139218,-7.00440505981177
-2.6776686726177,67.816716230581,-46.6017067604028
Start,4
45.1624109715469,86.8912640262003,-4.76724017633745
68.2608212833067,75.1968359214975,-5.84023996552819
75.0102056266994,42.4321100651947,-52.1878302813046
67.4463308850378,69.3675991061878,-54.2612287060661
52.6236166927744,138.578336367307,-11.9293544187232
66.1051124810114,125.005901453868,-5.77410851112635
Start,4
42.9627946828406,87.6561884782974,-8.15469220320297
65.8434471424174,68.7778654366899,-56.9585236212439
73.8851255317815,41.8528415879997,-54.0687465493219
66.1374016929028,76.3029715297949,-8.8232353652538
49.6481183435126,140.322807473689,-15.674477106395
63.2681547759343,126.80300103204,-9.59904180056071
-2.69214539221148,66.8572259017853,-48.0379325278841
Start,4
45.8587799560057,86.6320584256496,-7.47870865229376
67.7717065495212,67.2354500611889,-56.8423614932518
68.7728914016406,74.6560677851194,-8.31820946331703
75.2819088885131,40.3510830223313,-53.7891536680809
77.3321494048644,4.65275949830075,-55.2821282924405
67.1366657349529,125.080354000141,-8.83380711357221
Start,4
46.7294062561997,84.633264463855,-9.70055496584375
73.9775151517557,37.929821764045,-56.3233387084881
69.4508056682614,72.1661583408998,-11.3342292069268
29.3926472856966,80.5849781895167,-39.7477530141293
76.6280018749919,1.90147188536362,-56.0996912433422
68.4566286762362,121.790796278522,-14.5416544591277
67.1794845533018,64.5577360173187,-57.9351273292029
Start,4
69.8697365734056,70.5516878421836,-13.3939188873845
47.6463098907167,83.2895668581357,-10.5462860683207
72.2605790467335,37.3810609461012,-58.8194826346744
67.6328545847978,63.2655527459957,-57.3990026521856
29.8585705337427,80.5096905794213,-40.0106243164331
74.2380493480041,0.937818627862583,-59.0930938668096
69.7471104486024,120.178250694873,-16.0132348315625
Start,4
69.5159177136287,70.5502999324874,-14.4958753250652
72.8459234268257,36.5147521207681,-59.1958819418599
47.0756103884644,83.3710813286723,-12.4048113132877
67.2962830573899,62.7244326803734,-59.392331323851
74.7255535382288,0.11664654968893,-58.8184369718873
56.7600951815408,134.309811790833,-23.5941521584471
69.5223878715301,120.332474371387,-17.446699738858
Start,4
71.4933261874877,35.3302386744935,-60.667550188331
70.7914170894285,69.4809110148048,-16.1259408960991
48.6264145658174,82.6685388576873,-13.1247800936263
65.5815510961875,62.0535954926695,-62.1521011587403
58.6693716876891,133.184275014618,-25.3791353507249
72.6668282966019,-0.927131608394404,-60.2502631076895
Start,4
69.3367431043619,70.0645663443241,-17.6482979049447
72.1596623455514,34.4241278465174,-60.9222127697287
46.9427666820438,82.9188917258375,-15.7730119912083
74.0448418068006,-1.83162552404055,-59.7879102107235
65.8607105502734,60.7301857551452,-63.1415797170019
69.0092994685887,119.598370477253,-23.1497423282508
56.3405662289247,133.518056572528,-28.7613838933107
Start,4
70.5575276656631,69.6335684528036,-15.8903474835669
71.4156265842737,35.6735955289519,-60.3499358714803
48.6778516636637,82.7885436150829,-12.6802025984448
66.6300826916723,61.9948901245944,-60.5215279681721
70.8825860670555,119.280106835833,-20.2437647808151
72.8985939428742,-0.533754336854678,-60.3738453892684
58.3846634113629,133.636025463744,-24.9150199709531
Start,4
69.1270806793361,70.3468526855204,-16.4332990405433
72.6461631557045,35.3309845919523,-59.7380788841986
46.8725647975381,83.0403518617346,-14.2569740612916
68.9166901570936,120.055012960835,-20.6010919182069
66.4014379510249,61.7435886650454,-61.410622930628
56.2332930460646,133.908681861226,-26.885382279822
74.660825645392,-0.851476561277366,-59.3875016210758
Start,4
72.9250804312266,35.6573372413977,-59.3846622383332
69.671780270333,70.2473876421479,-15.5558803347999
69.59060614157,120.0832854123,-19.5312688078113
56.7801863701659,133.779740747976,-25.8907068545319
74.5617844209969,-0.597893814648295,-59.2316793789437
66.2954140640973,62.2177275763849,-61.620228197308
47.974299051527,82.844626578872,-12.571500803776
Start,4
69.5986273384896,72.4679071693954,-9.06629735276014
74.6442852133478,39.440161230746,-53.8261344899314
47.2435752769242,84.82068133443,-6.82420343300927
68.9853746046611,65.5513769591477,-53.6618639625112
76.5895906712902,3.34779697921633,-55.8346445730293
68.7674718206307,122.44491347512,-11.1618167868396
55.8591434138418,136.318284929827,-16.9476725664328
Start,4
69.5925236938758,72.2682302474952,-10.8473953844359
74.3078049806524,38.5090198194289,-55.1878293505359
67.8748048261198,65.0494857069559,-56.7410608995213
55.9327218748659,135.782861293229,-19.6117417438049
48.0624023808981,84.3010361606179,-7.62002989035004
76.4876903458272,2.37505468257552,-56.2303647700625
Start,4
64.3497093515664,71.3557153708763,-20.1035974373398
70.4116600709998,36.2924503992049,-62.0602258942126
60.2873574598311,61.4904159497001,-67.3782646807736
49.4438504921141,135.434265260678,-30.3525458504789
71.9385856899617,-0.524537566691262,-62.2679973169149
41.8483611312881,83.4331071954998,-18.1608605338744
-6.13752907172763,63.1787081171252,-50.6910313051553
Start,4
73.4349565950783,0.0697462582348631,-60.9230856299767
60.9626337389982,60.6036818117615,-67.9924427956741
69.608561747666,34.1924390473206,-63.5226455557645
66.1521777392594,71.694941926301,-20.3612880196894
64.1582716423989,121.558441757198,-26.1823050287711
50.9334437606441,135.027287788991,-32.2272602480441
Start,4
63.644309087573,71.4206399425987,-19.1980942022512
69.1198681526758,36.0312756509233,-62.5281011641259
60.2178850784712,62.5152554813013,-66.2560781938062
41.7800373956769,83.8168090945519,-16.8907732550456
62.2987506768809,122.536488576435,-22.6023974600963
Start,4
64.6830327604083,71.0193872979488,-21.0696205093552
69.9913182776613,34.9632345853522,-62.9884933653212
60.9374425768601,61.0354481631897,-67.7361221160601
42.9523610245442,83.6983628922229,-18.79900711891
63.4591015891492,121.960315558546,-25.7592711489682
72.5673366338896,-0.859546762916697,-61.8197314668823
Start,4
73.5741057857601,2.02390433857769,-60.7694295254413
41.4376945017424,83.7643048365646,-17.0104863124023
59.8380766134003,62.3971688273679,-66.3776771557618
68.9697608042572,36.1781726646612,-62.4633996002549
61.8702973290972,122.343273692256,-22.7804051940996
Start,4
69.4275393081186,-10.3298587980449,-65.0371074690131
65.1205377357705,50.5970037174264,-72.400322937501
70.1813055649288,23.697052688959,-67.9013314023716
53.6585493860893,75.6198783723575,-22.9840872977939
68.1057370126824,124.396657351138,-38.0390527619451
Start,4
62.3450582748327,67.1031752661854,-30.9104298897841
68.8402829658527,-6.70870508435804,-64.4052818208408
55.8613118974056,53.2592336263562,-75.9959082819376
65.0477713799747,27.4472585494579,-69.5882612649702
41.1368180379408,80.486124647066,-28.296245996588
61.7192200151457,117.779834289256,-40.274790406175
Start,4
66.0279715903156,65.6086414294846,-25.6470524175264
67.1698410333139,29.8986619728854,-67.1161899834048
66.4897207283278,-6.85621376893095,-66.4327503843303
58.5753450310507,55.6616000383098,-71.9856961424815
44.9726891657655,79.3979245007137,-22.5570202662587
68.0533381198775,116.238039860267,-30.9962049873297
54.8315931998006,129.978168712988,-37.1308229026731
Start,4
73.7038294752245,67.0592773949298,-13.4693717373362
74.2137480120982,-2.30908401533457,-60.0457944686326
52.6594351615804,80.1564445288196,-10.2707321200069
73.6042017126807,34.1467870505747,-59.8978056994237
67.3150944786846,61.2819052049322,-62.343508087448
Start,4
41.9842409539951,85.1306869222131,-38.6636915163181
63.6301184400422,122.642619958946,-52.0754042222608
46.5436977098298,62.5103158102911,-92.3506115886282
64.5255542508118,16.4847777139859,-66.9552210760745
61.9892511522829,74.0366585292725,-46.0024223318631
-16.2233994900543,87.3181908003881,-94.8368878355523
55.8688905293378,-2.68886579166569,-79.5128509850784
Start,4
36.2095202352233,68.7129573295391,-53.1993891583844
57.346226593151,54.4042579014799,-55.339339022113
-15.9720325128636,35.0494346507646,-65.371080671539
54.6749985554225,100.397366925294,-78.4508540853039
7.46134911167981,36.6058231429952,-78.9958617971988
40.0769611868048,110.536756836809,-87.1402008899844
Start,4
57.8550963623853,56.7479024618917,-54.1643204630554
36.6979704321125,70.215670129076,-52.9885519378336
54.4800221126962,102.902713674792,-76.2548137315681
7.65847967077065,41.1099179953072,-76.9353842396849
-16.254180991853,38.1750714283234,-63.480732611956
Start,4
62.9802626940179,54.4533402385209,-50.9845511280598
41.5790059229729,68.5226039870088,-51.0102187196925
14.2851430684417,40.1367722003609,-77.1703956766394
64.2869571806727,100.94158909905,-75.0881939415017
50.7434186976987,25.7733681207413,-90.2032427525972
Start,4
71.5838561947969,68.9538696657544,-8.64884271234767
49.3867987993923,81.8655644089197,-13.9936420391027
61.9843322837764,130.404878808159,-30.7177670412684
72.335629238296,118.653458065242,-18.1354371539654
87.3747395613303,-9.28574531025505,-41.3407650309464
35.4548112042521,-1.83200211259909,12.935192703538
39.4709133849743,60.5990289617018,-61.4804446922135
Start,4
49.4436273209395,81.8278529808367,-14.7163597170816
71.8868094973735,69.1979452340012,-10.3710534686768
61.8257608058729,130.816266375118,-31.5361964322375
72.5007055911144,118.817045653624,-19.1390313278611
36.527803688287,-2.13256177130537,11.3235277343768
87.1862243550013,-8.729087718671,-44.0033000172258
39.0927804892307,61.3108556321583,-62.6321460505436
Start,4
72.1330311374973,68.2596572052744,-9.27614676462103
49.8542540156986,81.6166670289691,-14.5414418027778
72.8606698317309,117.806268888731,-18.5055866200482
62.4961446876509,130.114919984176,-31.3982583559055
86.61121432453,-8.98551148447356,-41.8781728784883
36.1270775855568,-2.09478354186117,12.3745541372216
87.2010274257355,25.4014035114535,-46.2586503952187
Start,4
71.7998665917981,68.5079118849256,-11.1432428107956
49.7041585554308,81.3488915279591,-16.1835135348819
61.19961466656,130.096309220583,-33.1327835435408
72.5049863650909,117.903561255455,-20.8288827233909
35.7913055361202,-1.69402797233233,12.1737372735965
85.7847829736624,-9.43488252245336,-43.3191008884805
85.7092787575019,26.4693617694004,-48.3200693032659
Start,4
71.2589205623534,68.2582938448563,-11.5156606088501
50.0604315395812,81.1137805100296,-16.6510744952959
61.8597095014064,129.666424624375,-34.1747687325248
72.4038451087945,117.883855107591,-21.3872961804486
35.5953301057397,-1.65536897954827,12.50343038397
84.87462219413,26.3466411526483,-49.0731841369126
85.5037047965824,-9.36733921221719,-44.1567964997735
Start,4
70.9274569667066,69.0746377802939,-11.1728139937202
49.1171215852901,81.8593262635479,-16.0546679594441
71.2202829880276,118.788039092819,-20.6629326843881
60.0778585922369,130.907741745337,-32.8449137469227
85.2057671449229,26.897955269206,-49.0323500337818
Start,4
65.503960031401,64.1722373516598,-39.4166239488322
43.9005197060843,78.1860038904393,-37.239503559832
50.9444480817124,125.801822364348,-59.8233630673901
65.1833468218563,113.068686753116,-51.5927279470362
63.1002819131123,21.4244336361997,-77.6432568466163
63.0163434819428,-13.6159066997385,-70.8876348992423
Start,4
65.0547947529182,61.4719271554588,-44.291216686792
64.7042469372033,110.180409533647,-58.5268924311126
50.1663414399359,122.571798909509,-66.8299881737993
43.4148842173326,75.7641987498925,-41.9415934517611
61.4842911849042,16.8622985154733,-80.2324879036342
61.2469502397156,-17.2395728612305,-71.7788894023847
Start,4
65.8720958497276,62.696707147862,-41.6533866818417
65.6910552249038,111.409144685187,-55.0262419240054
51.1573006593856,124.174079469046,-62.2489988502821
44.4531263491786,76.1779760462211,-40.2276924285341
-6.77349473826425,56.7414495301173,-60.0395135323664
62.5404863974198,-15.4227889193235,-70.6997623626225
Start,4
69.7234296602994,119.659039780116,-24.5803412892021
69.2210814347597,69.8141124270903,-15.6737823930237
45.8579308036426,82.8370986047691,-17.3822695459676
6.22884950626328,60.5908394213886,-54.416542391951
55.9119325143696,132.563246590502,-33.9616084510109
40.6653976164201,-2.42351446999308,7.74273821574676
81.0448119832026,-6.19681821857444,-51.0584877362485
Start,4
70.3010689622988,67.6479608971673,-25.7766625314184
29.5618180074896,64.88419808996,-60.7148106013177
47.8584524795936,81.1298773950298,-26.612204668715
61.247243225178,127.665738597728,-48.349907390781
74.438165308885,114.953325207743,-38.0962617123405
106.823358249034,37.5514673569618,-61.0700796116686
122.82831443306,8.38145029245688,-51.2010423961304
Start,4
39.5020011470472,73.5381747327782,-48.4138031083771
45.114690118591,117.529485569101,-79.3145787846255
51.085298202136,38.1275778812804,-87.9850650784271
60.7035959282373,58.4265750731425,-49.3243663055556
71.7163061522699,20.1899084301013,-82.7360249505289
10.9359766106663,50.7393881808965,-73.6259988310279
Start,4
34.4677379529683,76.0526927279781,-47.4266593591359
56.0830972885071,62.230025025739,-49.5450726919065
5.39265225765216,51.5231330620869,-72.1630160871632
36.8010313835286,121.427244350829,-78.0690387681229
54.6142244074858,111.781811883833,-70.0487943703602
70.1987994900902,-0.521925500301741,-63.2172296301858
Start,4
29.8062019237489,73.2664052225998,-51.4963083012759
51.1216622299549,59.3099243501381,-55.0346905517351
-1.49493746093292,47.5238706044589,-72.5201625364975
43.8494313184056,106.875678403043,-70.9775550695719
76.3314377949571,-3.12154346919011,-82.2000156868125
31.8563540194916,0.247201753423042,-73.7786228709041
Start,4
54.81083797493,59.1419085032082,-54.4716772222752
33.3276123268353,73.1176261461986,-51.4561992509752
34.5406235332098,116.083514861272,-82.1645708142149
46.2101755685683,105.895961754724,-67.6938144836269
3.24100107813301,48.5443917258548,-74.6677363844292
36.5306831143394,0.399331026331915,-74.3465802783697
64.6078445577905,48.8575239242503,-98.9731293155657
Start,4
44.5347644369729,82.3900774298621,-25.9297335240954
66.3805438926123,119.681059459435,-35.878384269605
67.8274057967121,70.1659957395052,-25.5230937638018
Start,4
71.5648029103352,-5.27725890898118,-62.5155569814587
71.9335608186215,65.664102409385,-23.9810700855368
72.4719584685689,28.9930626297108,-62.8834906296543
48.9953956473222,80.7627499114371,-23.0792343529294
66.6031415965952,57.2514095264413,-67.6810766186195
60.955322124038,136.703015087077,-45.1951420993445
Start,4
64.3933267736218,48.7016186191267,-72.2007741866575
61.470808915562,13.1600876821499,-73.8821644790174
60.6911583500563,75.8807128188958,-73.1478866422992
70.9946172450551,82.0196914191775,-30.5395112033745
50.1977551819099,94.7007860960931,-25.3997952694321
74.4971154618293,132.462200574905,-35.294605805568
Start,4
62.7369302333679,12.2414522904069,-73.3896101224502
65.8587211654099,47.7926412803831,-71.9913768029993
62.4916134766248,75.0025523445144,-73.0460117418227
76.9222549044495,131.646893324555,-35.0493814270381
51.9245128464747,94.257121824474,-25.4851585012248
72.7305219721754,81.4520154969374,-30.3486225590485
Start,4
64.4997206668055,46.4800137656347,-73.1718380778457
60.7890317063165,10.9861991715919,-74.4631785798897
61.8204450227232,73.7812005832357,-74.1039735097842
72.8497426109945,79.9995458998597,-31.6628558026295
52.100566516321,93.0463514072162,-26.4585543264035
65.210329990773,144.232393540754,-43.0168970377859
Start,4
62.4814917059028,46.1012261471365,-74.6750436600192
58.5862726913501,10.6925120602851,-75.6880055518404
59.2592088741855,73.3982154725269,-75.9150748579896
50.6777714427893,93.0471744907134,-28.2244451158414
63.14019001571,144.038809383269,-45.3768115221888
Start,4
71.4383281518932,-5.19870365226557,-62.5347499653816
71.5144027979558,29.4479194360279,-62.0959690720456
71.3981358671934,116.593968476953,-35.3606956219707
67.5334380372872,56.6382139909284,-65.4897053129
70.5970625828312,66.9103992143442,-27.9869416789714
Start,4
71.1845421647763,-12.3386984411846,-61.7835371236972
71.4106459690711,22.3496516548762,-65.1893784298655
71.9090024218832,111.594347804076,-46.0784166407135
66.3329120576644,49.007470479979,-72.0061978090485
70.725982547103,62.8819070722443,-34.0345885272203
57.6349996776728,124.424525790539,-57.2324300189471
48.5598022020236,77.0862695364643,-33.2347987150174
Start,4
69.3313051124582,30.3942437829293,-62.4701457761489
64.9208768346194,57.795215962829,-66.0202137517417
68.5839623291217,-4.24828348821312,-63.0795247096237
58.2881744737663,130.886146156209,-41.7460952419481
71.8158557351809,116.487771598646,-33.0623757288124
Start,4
67.9445692736184,117.860991072372,-46.9061557379365
67.6507611499047,68.7960273801018,-33.0294236698656
70.6533841158531,-8.20122958813781,-65.790220582907
70.747735098471,26.776892216605,-69.9486294831354
52.1117947623442,130.88667414731,-54.4637540148314
65.2745961783656,52.8971320654336,-76.5418730438535
45.3364594432234,82.6226234963031,-31.0436536579094
Start,4
68.715008403977,67.7808499548616,-32.3274471034219
71.2005683458435,25.5380568962544,-69.1822293387156
69.7672453567237,116.748566687598,-46.4027570794058
53.7695384564958,130.123768177592,-53.9694866538968
70.8234220598237,-9.40868869620304,-64.8821820051279
44.8513482955619,81.1674489490947,-30.5619340076886
65.9716984477198,51.5480158005137,-75.9174518477411
Start,4
60.17417704259,7.83679766839234,-79.7944971059419
60.7551071002283,57.8240171190004,-55.2381621303096
57.6330237324568,101.900880061936,-81.3445373579352
40.553405391583,113.049458419363,-89.7364875412011
62.0983674767656,-24.9769234683981,-66.9716557566318
36.2515774050963,70.73321797213,-52.9600427603528
53.3510783896841,31.4319106776182,-92.1320403828066
Start,4
69.3422430817839,22.8414924082611,-71.2231391036114
68.7664102223502,65.6949018394567,-35.705022404033
53.6956874981237,127.438422917901,-58.7036427660682
70.0839055045426,114.270185175479,-51.0976296209993
68.6754742903041,-11.8587297198342,-66.538703177382
44.8872263520038,79.2540606478729,-33.6863405154657
65.1370692164926,49.0389174193701,-78.187440412723
Start,4
71.3422801686835,26.7363375742437,-68.1704734384447
68.2917421406154,68.60242405647,-31.4477382167518
52.7522577254969,130.85391166129,-53.2734514061671
68.7158807003479,117.883557431526,-45.4519093053484
71.547415223463,-8.16360591043742,-64.5918612101173
43.601379985011,81.3737908573864,-29.8490648701705
66.3513608251341,52.8007535083064,-74.5283971349193
Start,4
68.6875753528717,113.878712172636,-52.9547907149829
67.9444008000891,65.5382407728337,-36.7897047933833
68.925311799283,22.4157194460309,-72.0585685526294
68.2978807089033,-12.3007914323831,-66.8047396735584
43.5442301614907,78.8550099340488,-34.9104842766182
53.3339846816602,127.348500602682,-60.7781261033944
64.0477924266124,48.2502106011774,-79.3164691361966
Start,4
69.9335047757174,24.3578023616554,-70.6637646991488
69.5444520758924,-10.474186334877,-66.6702215966416
44.782588630757,79.8774823723421,-32.476438686536
69.9042417484811,66.9150487602903,-34.5752790668145
53.3735604533796,128.166444241544,-57.0895423953501
68.9465142613979,114.560809099533,-49.1728381414459
65.729985193943,50.4550584892493,-77.3230440958266
Start,4
67.0321519092789,116.917761663696,-49.8091912594841
67.2946482857553,68.2923185389037,-34.4666159052587
50.0886086381981,129.909579981362,-57.3297796667638
68.5755486051557,25.9529080821278,-70.6443967465481
69.1280902421795,-9.01408440395923,-66.4589961517608
42.6881479250484,81.074300981599,-32.4966576441331
63.7524669629006,51.9755518035395,-77.4834437860878
Start,4
52.434400357302,100.965765337007,-86.2149052891038
57.4967368170557,57.4645045942361,-58.703708325302
35.0913104380354,111.755216778664,-93.8999012978826
56.0666456597441,7.27476328976373,-82.4034580517263
58.7233521826753,-25.3889609911479,-69.1681588727898
34.7246583242437,70.8898279108214,-56.0565100625289
Start,4
65.521330483671,117.480097245061,-52.3010533328814
66.2179577532153,68.8131643285064,-36.0649492233093
68.9726208594543,-8.79057750764679,-67.4868952969967
68.7977303724125,26.1088080791416,-72.2563379767702
47.8227569747461,129.410813226831,-59.4735243968589
41.9604948686689,81.5247608220014,-34.0646204247041
14.7879579923172,11.6356565333852,-90.6685582012128
64.8116990409524,52.7014067293466,-79.8540075226625
Start,4
74.9139932182097,9.02152746026597,-59.424984834985
63.7814491158041,71.3547501193754,-62.0712347628798
71.0614474574685,44.0543539485944,-59.1196725794053
-3.5285613587656,76.3773689445962,-38.2785091550888
66.1019901427948,75.7562629885978,-12.0213868381406
41.3769996500826,87.1661711941845,-12.6942968195429
68.9560905450649,125.324901657558,-13.2610187477702
Start,4
75.345174487099,7.6747738481655,-59.4934364197215
71.7609972815662,42.6884078088646,-59.4863229841444
42.5619350164009,87.1652611494234,-13.2401621759301
65.0754248705431,70.7102935654462,-62.3794322780869
-2.35420429644952,77.0077695671833,-38.1260221519055
55.1688099177612,139.786984960025,-22.9905223730564
70.3179807749434,124.587446509609,-14.0980708389017
24.7825863039226,78.5425332027883,-45.9662013739027
Start,4
74.9081423409022,8.31195498840087,-59.7117064705209
64.5490874885776,71.0882197049959,-61.5021300580962
42.4911622423723,87.3127360764033,-11.8078604445839
70.6024129050881,42.5838522436248,-59.3154605839872
71.0029293222129,125.981129479781,-10.3118662448996
-2.53861792562265,77.2771705679803,-36.8983693009146
55.8262604200891,140.701104849927,-20.1198407089834
24.5599619028023,79.0972472208563,-44.7619273476104
Start,4
61.9720464787449,74.8327942004453,-60.1485279120751
73.6989714538583,12.5785033360413,-59.7612810801668
40.9720232017966,89.1382493315406,-9.7272455469219
65.7237984180649,77.5322021631607,-10.092774820868
52.8701571605468,142.955773528764,-17.2810513763433
68.9064333343836,46.7804255207632,-58.5024221512425
68.8551075064104,128.47097993656,-8.26767242278752
Start,4
42.5184362559702,87.4025496389884,-13.3248261620529
63.9297005150883,70.1158948362967,-63.092988256001
-2.72397598839313,76.708625631954,-38.1123829395351
74.8944913122173,8.2609177810763,-59.3159645221983
71.8160006264765,127.358161917485,-11.6520167185012
71.6106156700219,43.9542283108431,-59.408695441609
55.8794215160627,140.780569032768,-22.8498445294797
Start,4
43.0086666785178,88.8352343074759,-4.08520448733377
73.925979255035,14.4977024040812,-58.5461368257382
-2.93923003613193,80.7720157753758,-29.7334181971101
63.2105998520965,76.8925036831248,-55.7200459737774
24.2343280437665,83.2682684719942,-37.5534472620324
70.1263094961466,48.9440774436281,-55.4282081197476
72.0506596954838,129.212577160007,2.17484623650914
67.1709526343939,75.6228306485475,-5.37009909962563
Start,4
44.2251989168872,88.1095602586287,-8.11936538045881
69.708440171604,47.5426445037368,-58.6975052887038
72.4231040650993,12.629576703795,-60.9879215334659
62.4519780689868,74.7485311723031,-60.0971947115277
-2.89275981744534,79.8402149252068,-31.8462369311976
24.2392399446277,81.4663156216015,-40.7378692252335
73.2838335380649,128.123181023532,-5.68482825826832
Start,4
75.9810787449552,10.5861021451675,-57.7153672804667
71.3232618906401,45.5529932759849,-58.8103817238432
-3.63601067344902,76.5976631490027,-39.3308187204339
40.5934666181517,90.428243234431,-13.5323479366099
62.4012090485468,72.1832468833165,-63.1225531827541
51.3662877600595,143.158011484543,-25.9523388339969
66.8379217513334,128.063371030002,-16.7988283407377
65.3609717167102,77.8266377476539,-12.9530489470154
Start,4
50.5950271775701,135.872696230069,-70.3205598958963
53.5970464980692,-6.74611820129741,-83.4791793976075
56.8687490701445,28.5377988758513,-94.605961860331
63.9537012313214,72.9030605289677,-48.0329675361054
47.9558452957716,52.6219001783891,-100.99273379597
-11.6667960227923,68.3546048658104,-51.3359459073415
66.8471361643941,123.270358667498,-64.5754430616262
Start,4
56.2120361845507,0.658533022065456,-83.4246707350147
40.2207072610268,87.2780432028085,-35.5194285865001
63.3203995875468,76.4366436898266,-40.319646916955
59.376848012435,36.2049673621178,-91.4418351216564
-11.8058230959014,71.2194957821609,-46.4072176990071
49.5470877833377,60.4744094343994,-95.5222100233807
48.8260236771801,139.894131050225,-57.2156224695473
64.8772808169797,128.091597849489,-52.8867131060291
Start,4
51.4784641903761,1.11598600080202,-85.7847605396563
37.3682603632156,87.8364350012589,-37.1562633171927
60.2272802304923,77.1627390946252,-43.2120268033397
51.9341577923163,35.6394055277499,-92.1369253287268
43.8350559694833,61.1473313642996,-98.0248005974856
-5.58084718768771,25.0713001136245,-95.2826287645352
60.749182301121,128.388935711098,-55.4186994228182
43.697051490175,141.307563618055,-60.089134927991
Start,4
49.0329672410411,-3.68107795704077,-86.1719758947954
58.6043092549232,74.7393248132591,-48.839907168334
35.9774414162902,85.7145689346125,-42.3175746645641
48.2482977772156,30.5338253185002,-97.067717295816
40.080616425981,55.5456475451625,-100.90274522877
-9.2715013709739,20.4954632892711,-95.7087328506973
37.8527689435193,0.757452820844221,-10.7542691770632
58.8226522557509,124.794787146519,-63.0365119010734
5.24887535573781,69.857428727309,-64.9957813023958
Start,4
73.1299646232293,26.0116875553253,-74.3501183640377
64.8621341216275,52.9688800069053,-82.0372020685061
58.6142598920372,132.061384987972,-46.9202788359773
71.2413893908383,-9.43904669955187,-67.4776253509327
45.5846681721054,82.2884532805595,-26.9424425505046
-1.45525681279747,72.2740620671023,-46.8660762430987
25.3111644352464,70.9535501011292,-58.0057253364935
Start,4
74.5744552654881,35.9842953106588,-68.2351195415887
66.1721944004848,63.5316502827164,-72.0146916898584
73.0278819985869,-0.198131840600759,-66.1802908744605
45.5279934787321,85.4304546404068,-14.9807321575618
58.4289150317462,137.141516825469,-28.3532758338895
26.2872971051098,77.9777147903134,-48.4468708429284
73.2584918713159,122.340425998349,-20.0320085537481
-1.54720792324066,76.8404504028091,-36.0146399119809
Start,4
59.9659103937955,37.0547219220803,-85.836998537464
58.0302064370278,0.864634377603377,-81.0123027216794
48.4178103197319,65.1631648767104,-96.4683796022983
43.1271306258066,87.6819103133283,-31.8417902730053
-6.83901973258213,75.3863323823056,-42.8971402315107
38.729609623238,0.245052816951103,-6.77823343862546
17.6393169290482,77.0106980930604,-58.9776710162083
54.2791867787975,140.304702507684,-50.9679055667663
Start,4
64.6497293262578,46.412169951112,-79.4941919102944
57.0086976904707,72.9821733032717,-81.4050394727978
-5.90291527095691,78.233021296656,-36.8331325588916
19.7031924220776,82.7199669606758,-50.2074163685335
38.9171442235443,0.840303538799644,-5.89512819593746
43.2517416153421,90.8057931371043,-20.5593877336145
54.3807316891536,145.090362841692,-32.7752094793965
Start,4
57.3689917358976,40.3203433958998,-87.0128308449004
15.5588574049113,79.2859937614662,-57.2417081113972
52.512970581718,142.148400905469,-46.2607909649382
56.4158523944054,4.12316101126168,-82.7906942046502
-8.8927904807239,75.5322330819896,-40.5363620976766
41.7955166888966,89.1056535284969,-29.3477054463828
48.800177051253,66.1255002719127,-88.6972617590626
68.4341797091338,128.757490004202,-41.5391037500313
65.2724328647273,77.8880661887175,-34.2290075418739
Start,4
57.8586953182868,40.4185771804116,-86.840385718724
50.1472469483696,66.4708683015416,-89.517572932572
66.2944899300913,77.120030379514,-33.3407141371008
54.9664251617357,141.904501586468,-44.1743746467967
16.4694430022686,79.6168804919648,-56.0218388481066
43.3416509275582,88.764156556304,-28.037164259633
70.5646340313886,128.111753702379,-39.957491216507
38.6081697838345,-0.183099795251874,-7.47147939886042
-7.88647554409585,75.8600475851566,-39.1596464855107
Start,4
64.747335428587,-26.2079276672246,-68.2361737531644
64.0903784818404,6.42260393188181,-82.7960565212894
55.028982721193,30.8826112820726,-94.3934198104948
38.9843049998577,72.4889855813807,-42.5972641438144
63.0154835183517,58.1689270825721,-41.1598358953013
63.8825329825695,104.82291182154,-58.0946260457471
Start,4
66.6684038558737,-19.4208045547949,-68.0928409656534
66.9474045524691,14.1414211594496,-81.0186562551629
58.8522605212449,38.9852699334475,-91.5414153104055
42.5575843086309,77.3362450832928,-38.1338377455586
66.0853640152479,63.9443794808202,-37.2142942281314
53.8273984660595,124.65569045322,-62.7031438656552
Start,4
66.5353384392943,-19.8324298678886,-67.6719190401928
67.2720288794104,13.5621980369807,-80.6974633684989
42.2733891836008,77.144238262207,-38.9378261772917
66.1083641121817,63.7503346637546,-37.7327405352269
53.9165852742401,124.165744634482,-63.7763524376212
68.3435365786425,111.305715027975,-52.6078991754467
59.3669082501703,38.2611017360561,-91.1326598898156
Start,4
68.9688975644099,-16.3347999160542,-66.7927386734858
70.0239291401716,17.708818778695,-78.1582702779466
62.5976831621563,42.8502838314552,-87.8768898509655
43.3304523436269,79.2170334827579,-33.5862443914507
66.8702078252491,65.9803602995942,-32.4850677034015
69.1886048606562,114.264432256184,-44.8203284192057
55.049714595495,127.559093759984,-55.7598549000288
-5.07849195575536,65.7927596174007,-53.9657768939901
21.9766529229621,64.6595065025216,-64.4041438271575
Start,4
69.6493450504835,17.5152491519548,-78.6710747622889
68.8839314072506,-16.5822562237344,-66.5083379688572
43.2967429874292,79.2551387094824,-33.9669756454315
62.2892702920263,42.7245716203308,-88.8004883102632
69.2883210190189,114.246987506863,-44.9907213561557
66.7926462639486,65.9703904736632,-33.1266427525899
54.8686710965299,127.6182589241,-56.3543986107828
-5.01206081952588,65.8265747535558,-53.1749578059399
17.7370105209973,11.8205340700214,-94.9787370330246
Start,4
62.5703274050716,44.0200713411102,-88.6816356961643
42.562936522856,79.9375444802042,-33.6428175389156
69.70750243548,18.6648088439801,-78.59585680748
69.136652770066,-15.5839164287244,-66.8171603325114
66.4662204307389,66.6740597364109,-32.5640293991877
68.6282575535212,115.132215340317,-44.2785674420839
54.0733031004742,128.592621848984,-54.8302407978157
20.8967850518192,66.052969364609,-63.0987126609555
-6.01153428602231,66.9187673745081,-51.9259877032384
Start,4
68.9587244838705,-13.992510216195,-67.8105206293322
63.9207605061647,46.2447981619589,-86.5403596397821
70.2415924491856,20.3805381763989,-77.9569200001076
42.8001199115425,80.8448332532093,-31.9158844172936
66.6453770017684,67.589886174497,-31.0487296864238
68.9947586001217,116.329756999301,-41.6076490013626
54.2555898901626,129.898407670901,-52.193219217808
Start,4
62.531932961835,59.676878130673,-49.5207769166774
65.4409787390616,4.52918973747651,-86.5029500008545
63.9475114289486,-26.7232312854204,-70.3723938679418
61.8581438507719,106.037393604614,-75.7690985240618
46.2556567848134,115.608440152786,-84.7724600195176
38.322463450519,72.1054429410076,-50.5518016607024
Start,4
65.5781929964909,-25.5566719838485,-68.959373977135
63.9332034741358,106.81343050048,-71.3493706947737
39.8107108560089,73.15149593015,-49.3354260252412
48.6467309411825,116.898104787054,-82.2944717407097
69.3382122999438,6.53370394195581,-86.4268275579905
64.0624595250269,59.9981606749044,-46.0944556674349
Start,4
65.7786944958597,60.7015990986798,-42.8417360826401
66.8904118483626,-23.9763300495938,-68.5742508268284
66.5924486295457,107.998811667344,-65.8820667616184
41.8473328150571,74.2798661856075,-47.4977614418516
52.0003473534437,118.296319169571,-78.0806297391715
71.6230036647468,8.34214426495142,-85.077449856817
Start,4
63.7362928278445,-24.6310218698769,-70.107932630072
61.2354567512645,60.5182461761505,-46.2902587613105
36.7753795921014,73.7237175702038,-50.0684306299777
60.2358452040747,106.677196029004,-70.77989046646
66.3980635210955,7.36549647709074,-87.2788066062041
43.6949537863744,117.210565489767,-83.68741367755
Start,4
63.1209020816221,-25.9677629275912,-69.754418450698
60.9215888814464,60.0584281170116,-47.4853513097639
36.4607592137623,72.9465711415904,-50.6058054881765
59.649271841572,105.907227629288,-71.940350496619
43.2288055593154,116.152396406915,-84.6390973621451
65.4371045346101,6.5947197729685,-87.7134118408776
Start,4
60.4717524259978,-35.6856667642838,-67.2769370269025
58.3623738874395,52.4749008985391,-59.3982829772931
33.8837848515662,64.1879352909599,-61.170578537211
56.2577023833733,93.5206029978921,-88.5897101457635
-20.6907095591398,-5.75607384291768,-55.6294513598764
Start,4
86.5007557321728,51.1738101295731,-13.7716204163693
102.395342873333,99.7767234012204,-13.7828852298602
82.8377292720442,42.0680611274645,-75.8095906280142
65.7664548749047,71.7397191129413,-12.7144187708532
67.3283308602574,-15.0832010351447,-65.4866142952914
41.2733078762027,70.9038810347481,-45.7671659109846
79.4537774012632,16.932590081312,-69.0763918721998
4.67134025661482,60.2179441582398,-50.8617660434392
Start,4
68.1150846126147,61.7792993360149,-74.4305512329105
74.4825917526612,35.960367605795,-65.4688795093687
36.3812838367632,90.2941137246442,-18.3798355540154
74.1387440456837,1.28368603677737,-58.5600654872242
-8.81185221320083,50.7611573982221,-59.8870800127479
18.4951252168314,76.4049085259082,-51.820173265633
58.3498213976728,130.266239977409,-20.4199785608171
Start,4
56.6432756397714,70.5923183214204,-48.6374056571998
10.4510050838737,68.6331159662479,-74.1715969647763
38.2391541885072,129.327148718459,-76.6631969844877
32.2081376204917,81.0208608583287,-44.5307551651057
55.8530932133542,119.713059864764,-67.4032799706703
Start,4
54.9215838792024,70.0075148023169,-50.7092002021104
53.2439065062826,118.600057129645,-70.3370570063736
35.0846069019584,129.92362831856,-79.173226513669
30.3066689338568,80.3330578502182,-46.6612785657232
11.3949252815421,67.1940959895504,-76.9079528912801
Start,4
55.4325067853559,69.4710368177875,-51.5491515103705
30.893486020907,80.8252948373582,-49.4125396817228
12.2517433277243,64.7855939824486,-79.4358327301686
40.9703006737963,41.8019752082696,-108.142788980868
35.6797902275162,129.777027270368,-80.8147710933372
51.870361696529,18.5237366912184,-96.3740464443731
Start,4
58.8981551237776,69.4509295341901,-42.4164446269892
34.2106950841093,80.7309261586971,-38.9233485679057
59.1060990560686,118.628074388957,-59.9277521255597
57.1838859450556,20.5936543677179,-89.502726343078
-4.4665790289954,17.9447400357076,-88.327137874879
Start,4
59.0676713122689,68.6035831690683,-45.6732105472953
34.477114981919,80.5612876544904,-43.6974510805269
59.4514553547975,117.247318688985,-64.678164919812
46.8051225370816,42.6875936822602,-103.597994395472
60.0994939603419,-13.4662717105989,-77.4004714468555
Start,4
57.17778522361,61.0032865717305,-56.2665001211464
33.0569627857961,74.0257389241713,-54.0839977808074
57.5611617688101,106.226805317149,-82.0298911894049
40.4901777302417,28.059959045092,-108.903551858204
54.0173876737884,-24.4045131256461,-76.2538178710096
50.3929162719018,5.8227307952745,-95.1726484469782
Start,4
59.6964620758673,67.2685719793589,-46.4507930678314
35.2653467871554,79.530447883606,-44.7203759965918
47.7599337628371,40.8098735669949,-103.245965958413
59.7262557478424,-15.6140162413085,-76.2320965216388
61.676272689263,115.456027650143,-67.1727694217564
56.7992694726255,16.2984803809545,-91.5673280196385
Start,4
56.2490025496314,61.8356880589406,-53.9178839005284
31.7828250219598,74.5018367769953,-52.8551031274901
55.1497365298224,108.179427263736,-79.6229581252729
40.899657981851,29.6770169007016,-107.56572319327
51.7101514226041,7.075773156648,-93.9462618189462
38.1321783474239,119.868216868686,-89.7092972363953
Start,4
60.5298302441139,65.7857090621139,-49.2003251404014
35.9475580171894,78.109701818837,-47.658823031905
57.6027209828244,13.9151899087655,-92.4904690497889
68.3810927915673,125.136706306446,-95.1991907193248
48.5207433082368,37.5075075629516,-105.078833049992
60.5626355258771,-17.3693527615731,-76.4664288826333
Start,4
37.0901552699832,79.7706726628805,-44.7851186782003
61.9744810997106,68.1273261714554,-47.1546421417812
60.5768160302138,17.3908856275854,-91.3586813688296
50.5385869383699,40.9922577462335,-102.98047583367
70.721996007607,130.848539904501,-89.3137106009866
39.1612164110977,116.374810799222,-52.8152257526709
Start,4
70.9955675873088,63.2890972260453,-33.8460447797158
45.9829107980341,78.7552815542702,-36.3782760511299
75.1709677936474,15.9384778160914,-79.460119611774
72.4924931480096,112.622373424862,-49.6540963747685
72.5323523740459,-18.402820265021,-66.2413733744765
Start,4
53.1157926564812,78.4827820831444,-28.6018037038121
76.9352492155221,61.8982260889754,-26.715954366455
79.9110995270636,17.9079452281145,-75.4632374649281
75.7002921181373,45.6385224062517,-84.5618133175419
74.3574377611137,-17.0159694711604,-65.3251846913693
83.5217190229546,112.2047286182,-39.1399678472977
Start,4
45.0031938200007,85.283170889204,-17.5594777513932
69.2035754682711,72.5161075107206,-16.5637881622482
76.6718688488457,-2.94709321742775,-61.992890136774
75.4916806329745,58.0160996335808,-74.672881503396
79.9942487002356,31.3225607941662,-67.8890140836933
55.6809969898363,136.373811111311,-31.0790467686219
70.9576928574786,121.863347547818,-24.3314584288392
Start,4
69.1767178656336,72.2309793745992,-17.0698901247893
44.8804137114227,85.0814175642009,-17.654100802879
75.9184720080077,-2.97993432153116,-62.7228267421552
78.8894066458373,31.5101630235152,-68.8845580422886
74.4400636579096,58.0862512321218,-75.3912395098054
71.0632168598357,121.70128779886,-24.6938662235827
Start,4
44.6567140337861,85.487774476409,-16.600266873977
69.1008969293401,72.7228555666225,-15.8086488184868
74.4805677525058,59.2413942420018,-74.4822171089388
76.341686814952,-1.92399402697086,-62.3675939050776
79.2132920090153,32.5197653665904,-68.0562091749676
55.1858959022227,136.870713768353,-29.5717964583872
Start,4
44.6650151147853,85.5442903562655,-16.3293803868026
68.9543606409547,72.8371372065896,-15.8305829561965
74.5193326048189,59.2571234461542,-74.5567150814884
76.2105053395825,-1.88666675493792,-62.4442325127555
79.3549634230482,32.5218805270302,-67.9882503419651
70.8153424625854,122.323844285145,-22.5352729673814
55.3982928949861,136.817906332207,-29.032231278559
Start,4
44.2986839678926,85.5889332571778,-17.5687757916564
68.569828036812,72.8652037548993,-17.0236824867643
73.7665981761911,58.5269719102073,-76.0985811339433
75.639220920247,-2.37632006675488,-62.854937654822
78.6868100605971,31.9524064865435,-69.0129455116301
69.8348346902773,122.246424948868,-24.6515204743858
Start,4
44.1243061290249,85.3751396497809,-18.6262032380735
68.3059415002384,72.803281276338,-18.2191582031775
78.2581728489588,31.5122894082371,-69.5898023017927
73.3610673489713,58.1476423606163,-76.8671720602984
75.1157719241258,-2.59099067929849,-63.3042137645741
53.5740821414348,136.278187647726,-33.3222955236182
Start,4
43.8281898390239,83.700440153634,-20.4573573784498
68.01353797307,70.7966057772179,-20.6831697116814
75.3412427035751,30.2898385666135,-72.210822523132
70.9729702698194,57.0406414872405,-78.7969075754039
71.903694190806,-3.92297801322051,-66.2177542966333
53.7468407152866,134.197925044578,-35.7493163100486
69.9229991116376,119.792769128745,-29.2659856184657
Start,4
71.1583750742038,59.4555342594869,-76.769009377091
67.2371541879081,71.9990469371398,-19.3473248010328
75.7808874357657,32.6252527385327,-70.8345162411815
42.405503912802,84.7693493997246,-19.4916889309285
72.7309719760457,-1.67440894295922,-65.7464928713897
68.3202130216137,120.993731723155,-27.920227720215
52.2328249829603,135.253450954421,-34.4092295495923
Start,4
65.7883637393628,67.787547229024,-34.3988601167905
41.1388690492586,80.5643935175715,-34.6558403609289
70.575538915351,21.3562908384411,-78.9281667548907
65.5703279619966,47.040843998836,-88.6319607908525
67.7770163422529,-11.7796212427585,-68.4137688694031
50.0600352454776,127.798313575065,-58.3488733388667
Start,4
66.4459343883036,67.6641226727006,-34.8515817769056
41.9907022140176,80.3109029141808,-35.2155615749551
67.9016435688266,115.026809113759,-51.9783878462706
65.9873469460214,46.5105418453487,-88.7948115811621
71.282703580888,20.887172671601,-78.9159737657743
51.4886005844932,128.168535543857,-59.4311552648469
68.9971103340781,-12.0944053037525,-67.7460794466847
Start,4
43.6749223789286,84.1910883180558,-24.2566446376106
64.4021931879846,57.5531249429249,-78.3113717365511
56.0366700133082,133.044301431874,-40.5596327237249
-5.34711550874922,70.4233330490226,-47.2065070562436
66.3044309912533,71.3351089679331,-25.3831889217175
7.386070269648,29.450452676349,-70.2654946154538
68.290006924119,121.733150425452,-34.4168422180044
111.712270017371,10.6951968265754,-34.3711710840047
Start,4
66.5276980538937,53.1561516169715,-80.080985113789
61.1479522257285,128.853168472981,-43.6682487564983
45.8005096887116,81.1768940739094,-27.6109718424447
68.6603838271964,67.5096960284555,-27.8854856260086
-2.91457307291877,69.0683845254615,-49.549784677312
112.673224131566,3.89875855720116,-34.5570823362011
7.50246680414879,28.3659240308895,-72.4502997884127
72.9515600216107,117.430797127687,-37.2563367121128
Start,4
44.426877248228,69.3153090112511,-49.0690020255076
109.090714714854,-7.94763454290765,-44.4933048313489
57.1887457808356,26.6611912428359,-96.8624650704111
-8.66472472389395,52.2234839766334,-61.4706098964282
65.46108800438,55.4801823544038,-50.6876204809315
55.2061278980601,107.618620257901,-81.2123632016312
13.780562916716,-6.52895464431489,-91.3135931963132
Start,4
66.5847254559528,46.384114755574,-85.1880637673919
6.41781728639448,23.9009172938223,-72.658237968673
47.7188542003867,76.3877803500278,-28.3766770146492
68.2225481293229,65.5961043913763,-32.8681574558209
-3.5581176019009,65.7095401243053,-53.8458271793019
22.1446598934268,14.8453522321646,-93.3997540460385
69.2439608069346,-13.3366290923891,-66.4831078105955
70.7146905005398,21.6130130510249,-77.3629526538567
59.9770746665392,125.463350224386,-53.772672390377
Start,4
41.8702942742948,86.5266883041983,-20.9013054992552
70.4263136771681,-0.474464724459679,-66.9843268559764
19.8948281211331,74.4976181364581,-55.0543202065999
69.2902781391426,35.2278463902566,-73.6121518469985
6.09102804429874,33.3393259422366,-70.5410752299921
63.1073598065468,74.219425351967,-23.6836309591352
52.0022952660348,138.295318009013,-38.46265789973
Start,4
46.7951289366641,140.425395018085,-38.8182430169997
38.2088152011098,88.4497118333804,-21.4042794103099
63.7109082638006,125.800599668966,-29.6437189641751
69.5713734791475,60.5861927378887,-77.181406156643
74.006140717072,0.323284551923791,-63.6579110791322
-7.41979721987285,70.9149887719739,-45.2773976642317
65.6180314931084,76.7928392640822,-18.7485146709166
62.4705122165648,42.6267875562087,-76.793028239621
11.5599921775194,38.4739553802814,-97.6869679981662
Start,4
66.4316413270528,67.7827469242571,-72.3498754588138
59.656176870139,129.820888404958,-19.9093055114406
37.8686550986956,0.605734233318812,1.87551297880001
35.6642338617885,90.6062434927931,-14.6812769488816
42.6695080912724,144.179501625619,-27.5195002446211
72.4171533493932,6.47602020024828,-62.9903117742008
Start,4
66.6533629880142,66.876514976351,-73.0825725216646
59.2698238775888,129.34513122041,-22.224746763877
34.1406589966302,90.5894938539076,-16.1323836895411
41.0963595886509,144.335223807272,-29.9662696480153
40.718317578534,-0.535098402834124,4.19923918725712
72.2501412893221,6.07530728294614,-63.1979496443938
71.2569468865972,40.9180011735802,-68.1944825730029
Start,4
48.9633528683963,135.959852943356,-44.8970284150004
39.3810866400356,84.7101354859945,-26.0404108233036
67.7030514012997,119.002450350604,-38.7034250667093
58.9595036179674,-4.55042584137751,-71.6398355682335
61.8009544907695,29.2034767511712,-79.571413027256
57.4139469277961,55.8670945663059,-85.5986711817913
Start,4
71.0863989075573,69.3024795951416,-24.2416388335698
69.9438332066437,52.8568990178181,-82.2746610448498
44.9881518166159,83.1324932613576,-25.4662583388259
74.7848759656695,26.1240620226386,-73.8476523612605
54.9715541302942,135.245123908339,-42.9861653485001
70.925403468227,-7.37000203706459,-66.0696722129586
Start,4
68.9163401691288,69.3852121806084,-22.2219418776824
74.8402192458595,118.600479078433,-32.4987869655851
57.5077687579305,133.483696540795,-41.2745974081643
44.8253835505791,83.3010575032834,-23.5747089699534
75.8132705745525,26.5851340355067,-71.4325953592214
71.6114183285943,53.036923762294,-79.9128281430428
Start,4
79.8146186830734,65.3791876668324,-18.3267168067053
59.8364645928586,79.6675084379295,-24.0685590478009
87.48388421985,113.929308992344,-29.1320822185629
69.0313893022575,128.368562524746,-37.7906594914528
79.1759407639314,-10.7436258466357,-60.9276884134541
80.81782985337,49.4120697923216,-76.3748726442229
